datetime,city,temperature
2025-09-01 04:20:31,New York,17
2025-09-01 08:45:04,New York,18
2025-09-01 12:45:37,New York,24
2025-09-01 16:57:29,New York,24
2025-09-01 20:06:05,New York,21
2025-09-01 23:24:12,New York,18
2025-09-01 04:27:24,London,10
2025-09-01 08:22:05,London,12
2025-09-01 12:56:54,London,18
2025-09-01 16:41:12,London,18
2025-09-01 20:13:35,London,14
2025-09-01 23:51:53,London,12
2025-09-01 04:31:16,Tokyo,20
2025-09-01 08:56:04,Tokyo,24
2025-09-01 12:54:08,Tokyo,28
2025-09-01 16:07:30,Tokyo,31
2025-09-01 20:28:05,Tokyo,26
2025-09-01 23:03:17,Tokyo,24
2025-09-01 04:00:06,Sydney,11
2025-09-01 08:45:06,Sydney,13
2025-09-01 12:35:51,Sydney,17
2025-09-01 16:19:09,Sydney,21
2025-09-01 20:20:12,Sydney,15
2025-09-01 23:11:31,Sydney,13
2025-09-01 04:07:32,Rio de Janeiro,19
2025-09-01 08:08:56,Rio de Janeiro,22
2025-09-01 12:44:15,Rio de Janeiro,25
2025-09-01 16:49:53,Rio de Janeiro,26
2025-09-01 20:11:25,Rio de Janeiro,22
2025-09-01 23:48:34,Rio de Janeiro,19
2025-09-01 04:58:06,Cairo,23
2025-09-01 08:03:10,Cairo,26
2025-09-01 12:35:24,Cairo,31
2025-09-01 16:48:37,Cairo,32
2025-09-01 20:52:36,Cairo,29
2025-09-01 23:20:24,Cairo,26
2025-09-02 04:46:56,New York,17
2025-09-02 08:32:06,New York,20
2025-09-02 12:54:17,New York,24
2025-09-02 16:58:54,New York,24
2025-09-02 20:13:18,New York,20
2025-09-02 23:32:33,New York,19
2025-09-02 04:45:41,London,10
2025-09-02 08:07:23,London,14
2025-09-02 12:18:55,London,16
2025-09-02 16:48:03,London,19
2025-09-02 20:16:03,London,14
2025-09-02 23:33:03,London,12
2025-09-02 04:08:56,Tokyo,22
2025-09-02 08:13:40,Tokyo,23
2025-09-02 12:46:38,Tokyo,28
2025-09-02 16:51:05,Tokyo,31
2025-09-02 20:00:10,Tokyo,26
2025-09-02 23:42:32,Tokyo,24
2025-09-02 04:36:54,Sydney,10
2025-09-02 08:52:35,Sydney,15
2025-09-02 12:46:49,Sydney,18
2025-09-02 16:24:05,Sydney,21
2025-09-02 20:51:57,Sydney,17
2025-09-02 23:24:11,Sydney,14
2025-09-02 04:28:12,Rio de Janeiro,17
2025-09-02 08:12:57,Rio de Janeiro,21
2025-09-02 12:53:36,Rio de Janeiro,25
2025-09-02 16:50:39,Rio de Janeiro,26
2025-09-02 20:28:22,Rio de Janeiro,23
2025-09-02 23:36:46,Rio de Janeiro,20
2025-09-02 04:14:11,Cairo,25
2025-09-02 08:08:10,Cairo,27
2025-09-02 12:04:48,Cairo,31
2025-09-02 16:21:24,Cairo,32
2025-09-02 20:01:48,Cairo,30
2025-09-02 23:29:51,Cairo,26
2025-09-03 04:48:25,New York,15
2025-09-03 08:14:34,New York,18
2025-09-03 12:00:15,New York,23
2025-09-03 16:12:41,New York,25
2025-09-03 20:06:59,New York,22
2025-09-03 23:51:19,New York,17
2025-09-03 04:10:41,London,11
2025-09-03 08:50:57,London,14
2025-09-03 12:30:37,London,16
2025-09-03 16:26:44,London,18
2025-09-03 20:39:32,London,16
2025-09-03 23:19:38,London,11
2025-09-03 04:07:16,Tokyo,21
2025-09-03 08:36:43,Tokyo,23
2025-09-03 12:41:18,Tokyo,29
2025-09-03 16:24:09,Tokyo,29
2025-09-03 20:31:39,Tokyo,26
2025-09-03 23:06:29,Tokyo,22
2025-09-03 04:43:19,Sydney,12
2025-09-03 08:44:26,Sydney,14
2025-09-03 12:03:43,Sydney,17
2025-09-03 16:24:40,Sydney,20
2025-09-03 20:21:12,Sydney,15
2025-09-03 23:02:34,Sydney,14
2025-09-03 04:21:29,Rio de Janeiro,19
2025-09-03 08:08:22,Rio de Janeiro,22
2025-09-03 12:30:17,Rio de Janeiro,26
2025-09-03 16:27:24,Rio de Janeiro,27
2025-09-03 20:38:45,Rio de Janeiro,23
2025-09-03 23:39:44,Rio de Janeiro,19
2025-09-03 04:46:40,Cairo,25
2025-09-03 08:22:01,Cairo,27
2025-09-03 12:19:26,Cairo,30
2025-09-03 16:17:08,Cairo,33
2025-09-03 20:18:57,Cairo,30
2025-09-03 23:35:52,Cairo,25
2025-09-04 04:48:53,New York,16
2025-09-04 08:32:23,New York,18
2025-09-04 12:04:51,New York,23
2025-09-04 16:28:19,New York,24
2025-09-04 20:59:00,New York,21
2025-09-04 23:28:02,New York,18
2025-09-04 04:38:14,London,11
2025-09-04 08:40:54,London,13
2025-09-04 12:41:37,London,16
2025-09-04 16:58:34,London,19
2025-09-04 20:35:58,London,16
2025-09-04 23:45:25,London,12
2025-09-04 04:06:24,Tokyo,20
2025-09-04 08:41:07,Tokyo,23
2025-09-04 12:56:10,Tokyo,28
2025-09-04 16:25:57,Tokyo,30
2025-09-04 20:28:08,Tokyo,25
2025-09-04 23:34:57,Tokyo,24
2025-09-04 04:10:10,Sydney,12
2025-09-04 08:56:39,Sydney,15
2025-09-04 12:26:18,Sydney,17
2025-09-04 16:53:52,Sydney,19
2025-09-04 20:22:52,Sydney,15
2025-09-04 23:47:32,Sydney,13
2025-09-04 04:18:46,Rio de Janeiro,17
2025-09-04 08:48:19,Rio de Janeiro,20
2025-09-04 12:23:41,Rio de Janeiro,24
2025-09-04 16:27:25,Rio de Janeiro,28
2025-09-04 20:07:44,Rio de Janeiro,22
2025-09-04 23:53:43,Rio de Janeiro,21
2025-09-04 04:37:14,Cairo,23
2025-09-04 08:07:50,Cairo,28
2025-09-04 12:23:28,Cairo,30
2025-09-04 16:29:02,Cairo,34
2025-09-04 20:00:14,Cairo,30
2025-09-04 23:52:36,Cairo,26
2025-09-05 04:34:33,New York,15
2025-09-05 08:04:51,New York,20
2025-09-05 12:25:58,New York,24
2025-09-05 16:44:19,New York,26
2025-09-05 20:53:30,New York,22
2025-09-05 23:55:52,New York,18
2025-09-05 04:32:35,London,11
2025-09-05 08:28:00,London,12
2025-09-05 12:32:32,London,18
2025-09-05 16:09:28,London,20
2025-09-05 20:08:04,London,16
2025-09-05 23:01:46,London,12
2025-09-05 04:59:28,Tokyo,21
2025-09-05 08:52:29,Tokyo,24
2025-09-05 12:39:28,Tokyo,28
2025-09-05 16:05:34,Tokyo,29
2025-09-05 20:37:52,Tokyo,25
2025-09-05 23:11:52,Tokyo,23
2025-09-05 04:34:48,Sydney,11
2025-09-05 08:32:11,Sydney,14
2025-09-05 12:05:58,Sydney,18
2025-09-05 16:18:42,Sydney,21
2025-09-05 20:55:54,Sydney,15
2025-09-05 23:21:02,Sydney,14
2025-09-05 04:03:00,Rio de Janeiro,17
2025-09-05 08:18:58,Rio de Janeiro,20
2025-09-05 12:43:42,Rio de Janeiro,25
2025-09-05 16:58:40,Rio de Janeiro,27
2025-09-05 20:52:12,Rio de Janeiro,23
2025-09-05 23:08:26,Rio de Janeiro,21
2025-09-05 04:20:13,Cairo,23
2025-09-05 08:18:48,Cairo,28
2025-09-05 12:24:11,Cairo,32
2025-09-05 16:58:26,Cairo,33
2025-09-05 20:16:32,Cairo,28
2025-09-05 23:38:53,Cairo,26
2025-09-06 04:03:38,New York,16
2025-09-06 08:49:40,New York,20
2025-09-06 12:34:15,New York,23
2025-09-06 16:17:02,New York,26
2025-09-06 20:04:22,New York,20
2025-09-06 23:32:04,New York,18
2025-09-06 04:56:25,London,11
2025-09-06 08:21:40,London,14
2025-09-06 12:29:14,London,17
2025-09-06 16:43:18,London,20
2025-09-06 20:37:31,London,16
2025-09-06 23:15:39,London,11
2025-09-06 04:59:38,Tokyo,22
2025-09-06 08:53:08,Tokyo,24
2025-09-06 12:56:44,Tokyo,27
2025-09-06 16:42:21,Tokyo,29
2025-09-06 20:00:05,Tokyo,25
2025-09-06 23:30:03,Tokyo,22
2025-09-06 04:45:32,Sydney,12
2025-09-06 08:17:01,Sydney,15
2025-09-06 12:23:42,Sydney,18
2025-09-06 16:36:25,Sydney,19
2025-09-06 20:09:43,Sydney,17
2025-09-06 23:20:35,Sydney,13
2025-09-06 04:38:33,Rio de Janeiro,17
2025-09-06 08:36:35,Rio de Janeiro,22
2025-09-06 12:41:00,Rio de Janeiro,25
2025-09-06 16:00:56,Rio de Janeiro,28
2025-09-06 20:52:31,Rio de Janeiro,22
2025-09-06 23:16:48,Rio de Janeiro,20
2025-09-06 04:39:37,Cairo,25
2025-09-06 08:46:26,Cairo,27
2025-09-06 12:13:35,Cairo,31
2025-09-06 16:54:28,Cairo,34
2025-09-06 20:19:06,Cairo,28
2025-09-06 23:22:34,Cairo,27
2025-09-07 04:00:30,New York,16
2025-09-07 08:23:32,New York,19
2025-09-07 12:39:20,New York,23
2025-09-07 16:06:49,New York,25
2025-09-07 20:06:38,New York,22
2025-09-07 23:26:29,New York,17
2025-09-07 04:52:20,London,11
2025-09-07 08:06:07,London,13
2025-09-07 12:09:47,London,18
2025-09-07 16:07:16,London,20
2025-09-07 20:42:29,London,15
2025-09-07 23:39:03,London,12
2025-09-07 04:10:46,Tokyo,20
2025-09-07 08:10:48,Tokyo,25
2025-09-07 12:50:27,Tokyo,29
2025-09-07 16:19:58,Tokyo,29
2025-09-07 20:22:27,Tokyo,27
2025-09-07 23:44:50,Tokyo,23
2025-09-07 04:46:10,Sydney,11
2025-09-07 08:28:35,Sydney,15
2025-09-07 12:43:02,Sydney,18
2025-09-07 16:40:19,Sydney,19
2025-09-07 20:13:33,Sydney,15
2025-09-07 23:01:36,Sydney,14
2025-09-07 04:26:14,Rio de Janeiro,18
2025-09-07 08:33:53,Rio de Janeiro,22
2025-09-07 12:50:06,Rio de Janeiro,26
2025-09-07 16:58:36,Rio de Janeiro,27
2025-09-07 20:48:55,Rio de Janeiro,23
2025-09-07 23:55:20,Rio de Janeiro,19
2025-09-07 04:42:44,Cairo,25
2025-09-07 08:06:53,Cairo,27
2025-09-07 12:47:32,Cairo,31
2025-09-07 16:42:15,Cairo,33
2025-09-07 20:15:09,Cairo,29
2025-09-07 23:22:16,Cairo,26
2025-09-08 04:46:16,New York,16
2025-09-08 08:44:37,New York,19
2025-09-08 12:54:14,New York,24
2025-09-08 16:45:49,New York,24
2025-09-08 20:04:16,New York,20
2025-09-08 23:22:39,New York,19
2025-09-08 04:19:26,London,9
2025-09-08 08:44:07,London,14
2025-09-08 12:29:17,London,16
2025-09-08 16:39:54,London,18
2025-09-08 20:29:27,London,14
2025-09-08 23:08:22,London,12
2025-09-08 04:09:54,Tokyo,22
2025-09-08 08:19:52,Tokyo,25
2025-09-08 12:18:31,Tokyo,27
2025-09-08 16:10:21,Tokyo,30
2025-09-08 20:17:23,Tokyo,26
2025-09-08 23:29:22,Tokyo,23
2025-09-08 04:05:09,Sydney,12
2025-09-08 08:30:10,Sydney,13
2025-09-08 12:34:30,Sydney,19
2025-09-08 16:00:46,Sydney,19
2025-09-08 20:37:58,Sydney,15
2025-09-08 23:02:29,Sydney,13
2025-09-08 04:24:38,Rio de Janeiro,19
2025-09-08 08:52:17,Rio de Janeiro,21
2025-09-08 12:55:33,Rio de Janeiro,24
2025-09-08 16:59:30,Rio de Janeiro,26
2025-09-08 20:52:55,Rio de Janeiro,24
2025-09-08 23:20:59,Rio de Janeiro,19
2025-09-08 04:29:13,Cairo,25
2025-09-08 08:59:20,Cairo,26
2025-09-08 12:19:11,Cairo,31
2025-09-08 16:18:30,Cairo,34
2025-09-08 20:32:11,Cairo,29
2025-09-08 23:28:35,Cairo,26
2025-09-09 04:58:59,New York,16
2025-09-09 08:21:48,New York,19
2025-09-09 12:08:37,New York,24
2025-09-09 16:01:54,New York,24
2025-09-09 20:13:36,New York,22
2025-09-09 23:51:13,New York,18
2025-09-09 04:03:10,London,9
2025-09-09 08:48:00,London,12
2025-09-09 12:23:57,London,16
2025-09-09 16:06:27,London,20
2025-09-09 20:14:26,London,15
2025-09-09 23:56:36,London,11
2025-09-09 04:04:10,Tokyo,21
2025-09-09 08:43:43,Tokyo,23
2025-09-09 12:21:48,Tokyo,28
2025-09-09 16:14:26,Tokyo,30
2025-09-09 20:31:00,Tokyo,26
2025-09-09 23:04:09,Tokyo,22
2025-09-09 04:04:42,Sydney,11
2025-09-09 08:22:24,Sydney,13
2025-09-09 12:42:56,Sydney,18
2025-09-09 16:06:10,Sydney,20
2025-09-09 20:51:10,Sydney,15
2025-09-09 23:15:51,Sydney,13
2025-09-09 04:54:59,Rio de Janeiro,17
2025-09-09 08:19:10,Rio de Janeiro,22
2025-09-09 12:18:08,Rio de Janeiro,25
2025-09-09 16:38:24,Rio de Janeiro,28
2025-09-09 20:58:48,Rio de Janeiro,24
2025-09-09 23:16:02,Rio de Janeiro,19
2025-09-09 04:17:04,Cairo,25
2025-09-09 08:16:25,Cairo,28
2025-09-09 12:40:00,Cairo,31
2025-09-09 16:09:13,Cairo,34
2025-09-09 20:42:29,Cairo,29
2025-09-09 23:23:34,Cairo,25
2025-09-10 04:58:25,New York,16
2025-09-10 08:00:42,New York,20
2025-09-10 12:15:11,New York,23
2025-09-10 16:17:03,New York,25
2025-09-10 20:43:30,New York,22
2025-09-10 23:14:30,New York,17
2025-09-10 04:38:02,London,9
2025-09-10 08:21:33,London,13
2025-09-10 12:57:17,London,18
2025-09-10 16:32:22,London,19
2025-09-10 20:00:51,London,16
2025-09-10 23:04:01,London,13
2025-09-10 04:01:52,Tokyo,21
2025-09-10 08:47:04,Tokyo,23
2025-09-10 12:06:30,Tokyo,27
2025-09-10 16:30:28,Tokyo,30
2025-09-10 20:28:14,Tokyo,26
2025-09-10 23:06:40,Tokyo,24
2025-09-10 04:33:01,Sydney,10
2025-09-10 08:10:56,Sydney,15
2025-09-10 12:44:34,Sydney,18
2025-09-10 16:31:25,Sydney,19
2025-09-10 20:12:36,Sydney,15
2025-09-10 23:57:53,Sydney,13
2025-09-10 04:34:07,Rio de Janeiro,18
2025-09-10 08:31:02,Rio de Janeiro,20
2025-09-10 12:36:50,Rio de Janeiro,24
2025-09-10 16:51:04,Rio de Janeiro,27
2025-09-10 20:14:18,Rio de Janeiro,24
2025-09-10 23:31:59,Rio de Janeiro,20
2025-09-10 04:59:45,Cairo,25
2025-09-10 08:29:05,Cairo,27
2025-09-10 12:13:02,Cairo,32
2025-09-10 16:31:20,Cairo,33
2025-09-10 20:56:14,Cairo,29
2025-09-10 23:33:02,Cairo,26
2025-09-11 04:02:51,New York,15
2025-09-11 08:20:30,New York,18
2025-09-11 12:28:48,New York,23
2025-09-11 16:10:48,New York,25
2025-09-11 20:56:32,New York,22
2025-09-11 23:35:07,New York,19
2025-09-11 04:39:38,London,9
2025-09-11 08:25:27,London,13
2025-09-11 12:13:17,London,18
2025-09-11 16:51:51,London,18
2025-09-11 20:22:11,London,16
2025-09-11 23:13:08,London,12
2025-09-11 04:12:46,Tokyo,21
2025-09-11 08:52:50,Tokyo,24
2025-09-11 12:15:11,Tokyo,27
2025-09-11 16:44:13,Tokyo,31
2025-09-11 20:22:28,Tokyo,26
2025-09-11 23:39:03,Tokyo,23
2025-09-11 04:11:39,Sydney,12
2025-09-11 08:56:34,Sydney,13
2025-09-11 12:45:36,Sydney,18
2025-09-11 16:00:09,Sydney,21
2025-09-11 20:48:04,Sydney,17
2025-09-11 23:06:40,Sydney,12
2025-09-11 04:24:44,Rio de Janeiro,18
2025-09-11 08:22:01,Rio de Janeiro,22
2025-09-11 12:37:42,Rio de Janeiro,25
2025-09-11 16:19:04,Rio de Janeiro,27
2025-09-11 20:13:51,Rio de Janeiro,22
2025-09-11 23:15:13,Rio de Janeiro,20
2025-09-11 04:51:33,Cairo,23
2025-09-11 08:33:00,Cairo,26
2025-09-11 12:32:41,Cairo,32
2025-09-11 16:45:39,Cairo,32
2025-09-11 20:45:08,Cairo,29
2025-09-11 23:41:23,Cairo,25
2025-09-12 04:52:45,New York,17
2025-09-12 08:39:58,New York,20
2025-09-12 12:22:43,New York,24
2025-09-12 16:09:17,New York,25
2025-09-12 20:38:58,New York,21
2025-09-12 23:35:15,New York,18
2025-09-12 04:51:00,London,9
2025-09-12 08:02:22,London,13
2025-09-12 12:32:36,London,18
2025-09-12 16:04:18,London,20
2025-09-12 20:15:39,London,14
2025-09-12 23:59:50,London,11
2025-09-12 04:41:23,Tokyo,21
2025-09-12 08:24:52,Tokyo,23
2025-09-12 12:06:29,Tokyo,29
2025-09-12 16:42:41,Tokyo,30
2025-09-12 20:44:27,Tokyo,26
2025-09-12 23:21:09,Tokyo,24
2025-09-12 04:35:20,Sydney,12
2025-09-12 08:15:38,Sydney,13
2025-09-12 12:29:27,Sydney,17
2025-09-12 16:57:33,Sydney,19
2025-09-12 20:31:04,Sydney,17
2025-09-12 23:27:21,Sydney,12
2025-09-12 04:07:48,Rio de Janeiro,19
2025-09-12 08:58:19,Rio de Janeiro,21
2025-09-12 12:06:36,Rio de Janeiro,25
2025-09-12 16:32:08,Rio de Janeiro,26
2025-09-12 20:42:10,Rio de Janeiro,22
2025-09-12 23:09:55,Rio de Janeiro,21
2025-09-12 04:28:08,Cairo,25
2025-09-12 08:40:49,Cairo,28
2025-09-12 12:57:10,Cairo,32
2025-09-12 16:48:24,Cairo,33
2025-09-12 20:06:50,Cairo,28
2025-09-12 23:59:44,Cairo,27
2025-09-13 04:01:51,New York,15
2025-09-13 08:45:30,New York,19
2025-09-13 12:28:28,New York,23
2025-09-13 16:39:30,New York,25
2025-09-13 20:41:23,New York,21
2025-09-13 23:50:38,New York,19
2025-09-13 04:22:39,London,9
2025-09-13 08:09:30,London,13
2025-09-13 12:20:13,London,16
2025-09-13 16:42:16,London,18
2025-09-13 20:39:57,London,14
2025-09-13 23:27:12,London,11
2025-09-13 04:25:40,Tokyo,22
2025-09-13 08:42:07,Tokyo,25
2025-09-13 12:28:27,Tokyo,28
2025-09-13 16:18:19,Tokyo,30
2025-09-13 20:45:41,Tokyo,25
2025-09-13 23:41:27,Tokyo,24
2025-09-13 04:20:24,Sydney,12
2025-09-13 08:23:44,Sydney,15
2025-09-13 12:07:04,Sydney,17
2025-09-13 16:33:44,Sydney,21
2025-09-13 20:46:45,Sydney,16
2025-09-13 23:59:22,Sydney,12
2025-09-13 04:08:03,Rio de Janeiro,17
2025-09-13 08:43:15,Rio de Janeiro,21
2025-09-13 12:04:06,Rio de Janeiro,24
2025-09-13 16:49:46,Rio de Janeiro,27
2025-09-13 20:29:10,Rio de Janeiro,22
2025-09-13 23:46:50,Rio de Janeiro,19
2025-09-13 04:56:32,Cairo,24
2025-09-13 08:05:10,Cairo,27
2025-09-13 12:42:52,Cairo,32
2025-09-13 16:54:52,Cairo,32
2025-09-13 20:25:29,Cairo,28
2025-09-13 23:27:57,Cairo,25
2025-09-14 04:35:12,New York,15
2025-09-14 08:49:18,New York,20
2025-09-14 12:38:22,New York,24
2025-09-14 16:52:46,New York,24
2025-09-14 20:08:13,New York,21
2025-09-14 23:36:00,New York,17
2025-09-14 04:31:10,London,11
2025-09-14 08:51:39,London,12
2025-09-14 12:29:15,London,17
2025-09-14 16:11:19,London,19
2025-09-14 20:45:57,London,15
2025-09-14 23:42:31,London,13
2025-09-14 04:13:45,Tokyo,21
2025-09-14 08:10:06,Tokyo,23
2025-09-14 12:50:05,Tokyo,28
2025-09-14 16:12:12,Tokyo,30
2025-09-14 20:02:56,Tokyo,25
2025-09-14 23:16:55,Tokyo,22
2025-09-14 04:22:33,Sydney,10
2025-09-14 08:04:27,Sydney,14
2025-09-14 12:42:58,Sydney,19
2025-09-14 16:30:35,Sydney,21
2025-09-14 20:16:18,Sydney,15
2025-09-14 23:43:04,Sydney,13
2025-09-14 04:20:57,Rio de Janeiro,18
2025-09-14 08:59:13,Rio de Janeiro,20
2025-09-14 12:53:52,Rio de Janeiro,24
2025-09-14 16:23:30,Rio de Janeiro,27
2025-09-14 20:55:13,Rio de Janeiro,23
2025-09-14 23:50:53,Rio de Janeiro,20
2025-09-14 04:38:58,Cairo,24
2025-09-14 08:05:05,Cairo,28
2025-09-14 12:06:19,Cairo,30
2025-09-14 16:12:15,Cairo,32
2025-09-14 20:05:51,Cairo,29
2025-09-14 23:12:15,Cairo,27
2025-09-15 04:23:07,New York,17
2025-09-15 08:14:07,New York,19
2025-09-15 12:19:41,New York,24
2025-09-15 16:43:51,New York,26
2025-09-15 20:19:51,New York,21
2025-09-15 23:44:25,New York,18
2025-09-15 04:57:05,London,9
2025-09-15 08:31:58,London,13
2025-09-15 12:53:19,London,16
2025-09-15 16:36:21,London,19
2025-09-15 20:18:57,London,15
2025-09-15 23:29:40,London,11
2025-09-15 04:45:37,Tokyo,21
2025-09-15 08:32:17,Tokyo,25
2025-09-15 12:02:58,Tokyo,29
2025-09-15 16:40:55,Tokyo,31
2025-09-15 20:57:44,Tokyo,26
2025-09-15 23:32:41,Tokyo,23
2025-09-15 04:27:09,Sydney,10
2025-09-15 08:32:07,Sydney,13
2025-09-15 12:27:54,Sydney,17
2025-09-15 16:35:37,Sydney,19
2025-09-15 20:11:01,Sydney,16
2025-09-15 23:13:34,Sydney,14
2025-09-15 04:15:52,Rio de Janeiro,17
2025-09-15 08:37:44,Rio de Janeiro,21
2025-09-15 12:56:04,Rio de Janeiro,25
2025-09-15 16:28:44,Rio de Janeiro,27
2025-09-15 20:23:41,Rio de Janeiro,22
2025-09-15 23:25:03,Rio de Janeiro,19
2025-09-15 04:12:28,Cairo,23
2025-09-15 08:49:16,Cairo,27
2025-09-15 12:16:57,Cairo,32
2025-09-15 16:50:02,Cairo,33
2025-09-15 20:56:16,Cairo,30
2025-09-15 23:15:36,Cairo,25
2025-09-16 04:11:39,New York,16
2025-09-16 08:54:04,New York,19
2025-09-16 12:29:35,New York,23
2025-09-16 16:01:33,New York,26
2025-09-16 20:58:41,New York,21
2025-09-16 23:36:05,New York,18
2025-09-16 04:58:19,London,11
2025-09-16 08:09:28,London,12
2025-09-16 12:02:53,London,18
2025-09-16 16:19:35,London,18
2025-09-16 20:04:23,London,16
2025-09-16 23:41:28,London,11
2025-09-16 04:04:56,Tokyo,22
2025-09-16 08:05:09,Tokyo,24
2025-09-16 12:35:18,Tokyo,29
2025-09-16 16:15:16,Tokyo,30
2025-09-16 20:26:32,Tokyo,27
2025-09-16 23:24:10,Tokyo,22
2025-09-16 04:05:42,Sydney,11
2025-09-16 08:34:41,Sydney,13
2025-09-16 12:33:49,Sydney,19
2025-09-16 16:03:31,Sydney,20
2025-09-16 20:05:07,Sydney,17
2025-09-16 23:55:04,Sydney,12
2025-09-16 04:02:54,Rio de Janeiro,18
2025-09-16 08:23:51,Rio de Janeiro,22
2025-09-16 12:17:30,Rio de Janeiro,26
2025-09-16 16:58:00,Rio de Janeiro,28
2025-09-16 20:31:59,Rio de Janeiro,22
2025-09-16 23:28:53,Rio de Janeiro,20
2025-09-16 04:08:01,Cairo,23
2025-09-16 08:55:19,Cairo,26
2025-09-16 12:39:25,Cairo,31
2025-09-16 16:46:17,Cairo,32
2025-09-16 20:41:44,Cairo,30
2025-09-16 23:42:38,Cairo,25
2025-09-17 04:33:07,New York,15
2025-09-17 08:34:04,New York,20
2025-09-17 12:10:56,New York,23
2025-09-17 16:33:03,New York,24
2025-09-17 20:21:49,New York,20
2025-09-17 23:50:54,New York,18
2025-09-17 04:19:03,London,10
2025-09-17 08:07:47,London,13
2025-09-17 12:53:50,London,17
2025-09-17 16:42:41,London,19
2025-09-17 20:07:40,London,15
2025-09-17 23:22:54,London,13
2025-09-17 04:08:04,Tokyo,22
2025-09-17 08:19:36,Tokyo,23
2025-09-17 12:37:06,Tokyo,29
2025-09-17 16:15:55,Tokyo,29
2025-09-17 20:41:10,Tokyo,27
2025-09-17 23:16:49,Tokyo,22
2025-09-17 04:57:18,Sydney,11
2025-09-17 08:32:02,Sydney,13
2025-09-17 12:54:53,Sydney,19
2025-09-17 16:43:35,Sydney,20
2025-09-17 20:26:20,Sydney,16
2025-09-17 23:59:10,Sydney,13
2025-09-17 04:34:10,Rio de Janeiro,18
2025-09-17 08:53:59,Rio de Janeiro,20
2025-09-17 12:20:09,Rio de Janeiro,25
2025-09-17 16:36:41,Rio de Janeiro,26
2025-09-17 20:20:57,Rio de Janeiro,23
2025-09-17 23:38:24,Rio de Janeiro,19
2025-09-17 04:11:02,Cairo,23
2025-09-17 08:35:57,Cairo,28
2025-09-17 12:10:47,Cairo,30
2025-09-17 16:07:27,Cairo,34
2025-09-17 20:28:01,Cairo,30
2025-09-17 23:23:01,Cairo,25
2025-09-18 04:31:28,New York,15
2025-09-18 08:26:31,New York,18
2025-09-18 12:52:43,New York,22
2025-09-18 16:03:45,New York,25
2025-09-18 20:11:37,New York,20
2025-09-18 23:26:28,New York,17
2025-09-18 04:29:25,London,9
2025-09-18 08:48:29,London,12
2025-09-18 12:51:33,London,18
2025-09-18 16:07:17,London,18
2025-09-18 20:59:24,London,16
2025-09-18 23:26:56,London,11
2025-09-18 04:25:42,Tokyo,20
2025-09-18 08:41:21,Tokyo,24
2025-09-18 12:27:49,Tokyo,29
2025-09-18 16:59:35,Tokyo,29
2025-09-18 20:37:29,Tokyo,25
2025-09-18 23:40:48,Tokyo,24
2025-09-18 04:35:46,Sydney,10
2025-09-18 08:32:25,Sydney,14
2025-09-18 12:25:34,Sydney,18
2025-09-18 16:07:53,Sydney,19
2025-09-18 20:10:01,Sydney,17
2025-09-18 23:36:40,Sydney,14
2025-09-18 04:59:19,Rio de Janeiro,19
2025-09-18 08:46:50,Rio de Janeiro,21
2025-09-18 12:20:58,Rio de Janeiro,25
2025-09-18 16:18:46,Rio de Janeiro,28
2025-09-18 20:42:04,Rio de Janeiro,24
2025-09-18 23:58:23,Rio de Janeiro,19
2025-09-18 04:54:37,Cairo,24
2025-09-18 08:11:26,Cairo,26
2025-09-18 12:50:19,Cairo,30
2025-09-18 16:34:04,Cairo,33
2025-09-18 20:43:16,Cairo,30
2025-09-18 23:30:36,Cairo,26
2025-09-19 04:18:30,New York,16
2025-09-19 08:20:37,New York,20
2025-09-19 12:27:05,New York,22
2025-09-19 16:36:03,New York,25
2025-09-19 20:32:28,New York,21
2025-09-19 23:43:41,New York,18
2025-09-19 04:18:44,London,10
2025-09-19 08:38:08,London,14
2025-09-19 12:49:11,London,16
2025-09-19 16:53:05,London,19
2025-09-19 20:41:54,London,15
2025-09-19 23:17:50,London,12
2025-09-19 04:46:45,Tokyo,21
2025-09-19 08:40:44,Tokyo,23
2025-09-19 12:31:11,Tokyo,28
2025-09-19 16:08:23,Tokyo,30
2025-09-19 20:43:35,Tokyo,26
2025-09-19 23:51:53,Tokyo,23
2025-09-19 04:07:24,Sydney,12
2025-09-19 08:19:29,Sydney,15
2025-09-19 12:44:36,Sydney,18
2025-09-19 16:34:42,Sydney,21
2025-09-19 20:52:50,Sydney,16
2025-09-19 23:16:52,Sydney,12
2025-09-19 04:00:48,Rio de Janeiro,17
2025-09-19 08:16:07,Rio de Janeiro,21
2025-09-19 12:00:30,Rio de Janeiro,24
2025-09-19 16:59:45,Rio de Janeiro,28
2025-09-19 20:31:33,Rio de Janeiro,24
2025-09-19 23:10:15,Rio de Janeiro,21
2025-09-19 04:31:23,Cairo,23
2025-09-19 08:46:15,Cairo,26
2025-09-19 12:27:01,Cairo,30
2025-09-19 16:39:34,Cairo,32
2025-09-19 20:34:17,Cairo,29
2025-09-19 23:27:15,Cairo,27
2025-09-20 04:20:13,New York,17
2025-09-20 08:15:00,New York,19
2025-09-20 12:50:57,New York,22
2025-09-20 16:17:17,New York,26
2025-09-20 20:25:47,New York,22
2025-09-20 23:17:05,New York,17
2025-09-20 04:02:59,London,11
2025-09-20 08:32:06,London,14
2025-09-20 12:08:24,London,17
2025-09-20 16:55:24,London,20
2025-09-20 20:14:28,London,14
2025-09-20 23:38:19,London,13
2025-09-20 04:00:45,Tokyo,22
2025-09-20 08:10:18,Tokyo,23
2025-09-20 12:09:43,Tokyo,29
2025-09-20 16:33:27,Tokyo,31
2025-09-20 20:33:27,Tokyo,26
2025-09-20 23:58:24,Tokyo,23
2025-09-20 04:12:52,Sydney,11
2025-09-20 08:56:40,Sydney,15
2025-09-20 12:26:03,Sydney,18
2025-09-20 16:26:10,Sydney,20
2025-09-20 20:23:58,Sydney,17
2025-09-20 23:45:53,Sydney,13
2025-09-20 04:38:36,Rio de Janeiro,17
2025-09-20 08:45:55,Rio de Janeiro,21
2025-09-20 12:09:26,Rio de Janeiro,26
2025-09-20 16:08:16,Rio de Janeiro,26
2025-09-20 20:04:04,Rio de Janeiro,22
2025-09-20 23:35:21,Rio de Janeiro,19
2025-09-20 04:58:25,Cairo,24
2025-09-20 08:58:45,Cairo,26
2025-09-20 12:36:54,Cairo,31
2025-09-20 16:59:56,Cairo,33
2025-09-20 20:54:23,Cairo,30
2025-09-20 23:48:32,Cairo,27
2025-09-21 04:55:13,New York,17
2025-09-21 08:45:32,New York,19
2025-09-21 12:36:23,New York,22
2025-09-21 16:20:19,New York,24
2025-09-21 20:12:41,New York,20
2025-09-21 23:45:53,New York,18
2025-09-21 04:36:49,London,10
2025-09-21 08:56:10,London,12
2025-09-21 12:54:35,London,17
2025-09-21 16:15:16,London,18
2025-09-21 20:31:11,London,14
2025-09-21 23:03:24,London,11
2025-09-21 04:36:50,Tokyo,21
2025-09-21 08:33:24,Tokyo,24
2025-09-21 12:48:05,Tokyo,29
2025-09-21 16:15:48,Tokyo,30
2025-09-21 20:51:00,Tokyo,26
2025-09-21 23:26:26,Tokyo,23
2025-09-21 04:52:02,Sydney,10
2025-09-21 08:38:07,Sydney,13
2025-09-21 12:04:19,Sydney,19
2025-09-21 16:38:49,Sydney,19
2025-09-21 20:56:25,Sydney,16
2025-09-21 23:18:23,Sydney,14
2025-09-21 04:57:29,Rio de Janeiro,17
2025-09-21 08:35:55,Rio de Janeiro,21
2025-09-21 12:40:07,Rio de Janeiro,24
2025-09-21 16:43:23,Rio de Janeiro,28
2025-09-21 20:44:59,Rio de Janeiro,22
2025-09-21 23:24:55,Rio de Janeiro,20
2025-09-21 04:06:06,Cairo,23
2025-09-21 08:44:59,Cairo,28
2025-09-21 12:11:04,Cairo,31
2025-09-21 16:14:09,Cairo,32
2025-09-21 20:56:16,Cairo,30
2025-09-21 23:29:44,Cairo,25
2025-09-22 04:04:57,New York,15
2025-09-22 08:44:09,New York,19
2025-09-22 12:01:46,New York,23
2025-09-22 16:33:05,New York,26
2025-09-22 20:25:07,New York,21
2025-09-22 23:50:16,New York,17
2025-09-22 04:30:23,London,9
2025-09-22 08:22:30,London,12
2025-09-22 12:10:29,London,16
2025-09-22 16:18:28,London,20
2025-09-22 20:21:13,London,15
2025-09-22 23:27:48,London,11
2025-09-22 04:12:05,Tokyo,20
2025-09-22 08:35:17,Tokyo,24
2025-09-22 12:04:08,Tokyo,28
2025-09-22 16:16:29,Tokyo,30
2025-09-22 20:56:24,Tokyo,26
2025-09-22 23:59:01,Tokyo,24
2025-09-22 04:28:40,Sydney,10
2025-09-22 08:45:22,Sydney,15
2025-09-22 12:01:52,Sydney,18
2025-09-22 16:35:42,Sydney,21
2025-09-22 20:33:36,Sydney,17
2025-09-22 23:19:06,Sydney,13
2025-09-22 04:42:30,Rio de Janeiro,19
2025-09-22 08:19:21,Rio de Janeiro,20
2025-09-22 12:23:36,Rio de Janeiro,25
2025-09-22 16:21:20,Rio de Janeiro,26
2025-09-22 20:44:05,Rio de Janeiro,22
2025-09-22 23:16:10,Rio de Janeiro,19
2025-09-22 04:37:15,Cairo,25
2025-09-22 08:31:41,Cairo,28
2025-09-22 12:54:42,Cairo,30
2025-09-22 16:35:55,Cairo,34
2025-09-22 20:50:24,Cairo,30
2025-09-22 23:40:31,Cairo,25
2025-09-23 04:44:00,New York,16
2025-09-23 08:44:26,New York,19
2025-09-23 12:57:52,New York,23
2025-09-23 16:58:48,New York,25
2025-09-23 20:06:00,New York,21
2025-09-23 23:31:24,New York,19
2025-09-23 04:57:59,London,11
2025-09-23 08:17:05,London,13
2025-09-23 12:31:25,London,16
2025-09-23 16:51:12,London,20
2025-09-23 20:19:22,London,16
2025-09-23 23:16:37,London,12
2025-09-23 04:23:37,Tokyo,22
2025-09-23 08:02:02,Tokyo,25
2025-09-23 12:46:11,Tokyo,28
2025-09-23 16:41:31,Tokyo,31
2025-09-23 20:38:54,Tokyo,25
2025-09-23 23:39:13,Tokyo,23
2025-09-23 04:06:18,Sydney,11
2025-09-23 08:29:13,Sydney,15
2025-09-23 12:19:08,Sydney,17
2025-09-23 16:00:14,Sydney,19
2025-09-23 20:28:04,Sydney,16
2025-09-23 23:56:48,Sydney,13
2025-09-23 04:02:10,Rio de Janeiro,18
2025-09-23 08:47:20,Rio de Janeiro,22
2025-09-23 12:52:35,Rio de Janeiro,25
2025-09-23 16:38:30,Rio de Janeiro,28
2025-09-23 20:39:53,Rio de Janeiro,22
2025-09-23 23:13:37,Rio de Janeiro,20
2025-09-23 04:59:28,Cairo,24
2025-09-23 08:21:30,Cairo,28
2025-09-23 12:21:47,Cairo,32
2025-09-23 16:36:22,Cairo,34
2025-09-23 20:12:08,Cairo,28
2025-09-23 23:48:06,Cairo,25
2025-09-24 04:16:21,New York,16
2025-09-24 08:58:46,New York,19
2025-09-24 12:28:43,New York,23
2025-09-24 16:09:12,New York,24
2025-09-24 20:01:25,New York,21
2025-09-24 23:35:25,New York,18
2025-09-24 04:10:49,London,11
2025-09-24 08:32:20,London,13
2025-09-24 12:53:21,London,18
2025-09-24 16:41:59,London,20
2025-09-24 20:52:13,London,14
2025-09-24 23:54:27,London,11
2025-09-24 04:08:42,Tokyo,22
2025-09-24 08:26:38,Tokyo,25
2025-09-24 12:31:16,Tokyo,29
2025-09-24 16:31:22,Tokyo,29
2025-09-24 20:35:29,Tokyo,26
2025-09-24 23:59:17,Tokyo,24
2025-09-24 04:44:51,Sydney,12
2025-09-24 08:17:04,Sydney,15
2025-09-24 12:37:53,Sydney,17
2025-09-24 16:35:23,Sydney,21
2025-09-24 20:10:08,Sydney,16
2025-09-24 23:51:39,Sydney,12
2025-09-24 04:25:28,Rio de Janeiro,17
2025-09-24 08:03:50,Rio de Janeiro,21
2025-09-24 12:45:01,Rio de Janeiro,26
2025-09-24 16:18:22,Rio de Janeiro,27
2025-09-24 20:09:39,Rio de Janeiro,22
2025-09-24 23:34:13,Rio de Janeiro,19
2025-09-24 04:35:38,Cairo,24
2025-09-24 08:34:54,Cairo,27
2025-09-24 12:49:57,Cairo,32
2025-09-24 16:33:59,Cairo,33
2025-09-24 20:27:16,Cairo,29
2025-09-24 23:13:59,Cairo,25
2025-09-25 04:08:02,New York,16
2025-09-25 08:45:00,New York,20
2025-09-25 12:45:14,New York,24
2025-09-25 16:15:35,New York,26
2025-09-25 20:52:17,New York,21
2025-09-25 23:11:40,New York,19
2025-09-25 04:25:42,London,9
2025-09-25 08:28:23,London,14
2025-09-25 12:32:35,London,17
2025-09-25 16:33:45,London,19
2025-09-25 20:59:07,London,14
2025-09-25 23:56:38,London,12
2025-09-25 04:50:23,Tokyo,20
2025-09-25 08:57:15,Tokyo,25
2025-09-25 12:23:28,Tokyo,27
2025-09-25 16:15:33,Tokyo,30
2025-09-25 20:41:59,Tokyo,25
2025-09-25 23:30:17,Tokyo,23
2025-09-25 04:49:24,Sydney,10
2025-09-25 08:42:25,Sydney,14
2025-09-25 12:29:00,Sydney,18
2025-09-25 16:22:13,Sydney,20
2025-09-25 20:51:59,Sydney,17
2025-09-25 23:31:52,Sydney,12
2025-09-25 04:43:48,Rio de Janeiro,19
2025-09-25 08:43:22,Rio de Janeiro,20
2025-09-25 12:07:23,Rio de Janeiro,26
2025-09-25 16:24:07,Rio de Janeiro,28
2025-09-25 20:33:17,Rio de Janeiro,23
2025-09-25 23:52:59,Rio de Janeiro,21
2025-09-25 04:15:30,Cairo,24
2025-09-25 08:21:21,Cairo,27
2025-09-25 12:44:07,Cairo,30
2025-09-25 16:40:06,Cairo,32
2025-09-25 20:52:54,Cairo,29
2025-09-25 23:06:49,Cairo,26
2025-09-26 04:05:04,New York,16
2025-09-26 08:12:45,New York,18
2025-09-26 12:46:07,New York,22
2025-09-26 16:10:01,New York,24
2025-09-26 20:29:45,New York,20
2025-09-26 23:21:26,New York,17
2025-09-26 04:14:32,London,10
2025-09-26 08:03:15,London,13
2025-09-26 12:01:14,London,16
2025-09-26 16:43:29,London,18
2025-09-26 20:02:05,London,16
2025-09-26 23:41:18,London,13
2025-09-26 04:46:54,Tokyo,22
2025-09-26 08:08:18,Tokyo,24
2025-09-26 12:13:06,Tokyo,29
2025-09-26 16:33:00,Tokyo,30
2025-09-26 20:48:26,Tokyo,26
2025-09-26 23:38:21,Tokyo,22
2025-09-26 04:17:27,Sydney,10
2025-09-26 08:39:58,Sydney,14
2025-09-26 12:26:48,Sydney,19
2025-09-26 16:20:29,Sydney,21
2025-09-26 20:50:13,Sydney,17
2025-09-26 23:26:46,Sydney,12
2025-09-26 04:26:12,Rio de Janeiro,19
2025-09-26 08:49:31,Rio de Janeiro,20
2025-09-26 12:35:45,Rio de Janeiro,26
2025-09-26 16:05:06,Rio de Janeiro,27
2025-09-26 20:30:19,Rio de Janeiro,22
2025-09-26 23:20:46,Rio de Janeiro,20
2025-09-26 04:55:21,Cairo,24
2025-09-26 08:48:19,Cairo,28
2025-09-26 12:21:02,Cairo,30
2025-09-26 16:32:41,Cairo,33
2025-09-26 20:06:40,Cairo,28
2025-09-26 23:04:20,Cairo,26
2025-09-27 04:16:02,New York,16
2025-09-27 08:33:54,New York,18
2025-09-27 12:23:39,New York,23
2025-09-27 16:23:03,New York,26
2025-09-27 20:14:57,New York,22
2025-09-27 23:07:45,New York,19
2025-09-27 04:00:57,London,9
2025-09-27 08:52:47,London,13
2025-09-27 12:17:40,London,17
2025-09-27 16:12:06,London,20
2025-09-27 20:05:39,London,14
2025-09-27 23:13:32,London,12
2025-09-27 04:44:05,Tokyo,20
2025-09-27 08:14:39,Tokyo,23
2025-09-27 12:12:11,Tokyo,28
2025-09-27 16:52:28,Tokyo,30
2025-09-27 20:02:09,Tokyo,26
2025-09-27 23:13:06,Tokyo,22
2025-09-27 04:44:36,Sydney,12
2025-09-27 08:19:18,Sydney,15
2025-09-27 12:23:12,Sydney,17
2025-09-27 16:36:21,Sydney,19
2025-09-27 20:32:47,Sydney,16
2025-09-27 23:07:20,Sydney,13
2025-09-27 04:14:30,Rio de Janeiro,18
2025-09-27 08:08:12,Rio de Janeiro,20
2025-09-27 12:51:09,Rio de Janeiro,25
2025-09-27 16:44:58,Rio de Janeiro,26
2025-09-27 20:06:55,Rio de Janeiro,24
2025-09-27 23:42:16,Rio de Janeiro,20
2025-09-27 04:06:25,Cairo,23
2025-09-27 08:31:26,Cairo,27
2025-09-27 12:57:45,Cairo,32
2025-09-27 16:44:20,Cairo,32
2025-09-27 20:06:39,Cairo,28
2025-09-27 23:44:51,Cairo,26
2025-09-28 04:06:36,New York,16
2025-09-28 08:24:47,New York,18
2025-09-28 12:34:53,New York,23
2025-09-28 16:49:52,New York,26
2025-09-28 20:36:26,New York,22
2025-09-28 23:23:58,New York,18
2025-09-28 04:46:48,London,9
2025-09-28 08:02:39,London,12
2025-09-28 12:30:58,London,17
2025-09-28 16:51:17,London,19
2025-09-28 20:11:45,London,16
2025-09-28 23:59:09,London,13
2025-09-28 04:04:33,Tokyo,20
2025-09-28 08:33:32,Tokyo,24
2025-09-28 12:09:48,Tokyo,28
2025-09-28 16:35:30,Tokyo,30
2025-09-28 20:43:02,Tokyo,27
2025-09-28 23:19:49,Tokyo,22
2025-09-28 04:11:03,Sydney,12
2025-09-28 08:28:41,Sydney,13
2025-09-28 12:29:16,Sydney,18
2025-09-28 16:32:08,Sydney,19
2025-09-28 20:18:17,Sydney,15
2025-09-28 23:42:44,Sydney,13
2025-09-28 04:20:09,Rio de Janeiro,19
2025-09-28 08:42:28,Rio de Janeiro,22
2025-09-28 12:31:26,Rio de Janeiro,26
2025-09-28 16:29:13,Rio de Janeiro,28
2025-09-28 20:42:54,Rio de Janeiro,23
2025-09-28 23:00:47,Rio de Janeiro,19
2025-09-28 04:42:50,Cairo,25
2025-09-28 08:57:32,Cairo,26
2025-09-28 12:41:55,Cairo,30
2025-09-28 16:33:43,Cairo,32
2025-09-28 20:03:11,Cairo,28
2025-09-28 23:04:39,Cairo,27
2025-09-29 04:33:18,New York,16
2025-09-29 08:28:42,New York,19
2025-09-29 12:11:45,New York,22
2025-09-29 16:31:23,New York,24
2025-09-29 20:24:36,New York,20
2025-09-29 23:17:32,New York,18
2025-09-29 04:01:12,London,10
2025-09-29 08:34:44,London,13
2025-09-29 12:05:09,London,18
2025-09-29 16:25:46,London,20
2025-09-29 20:41:34,London,14
2025-09-29 23:04:32,London,12
2025-09-29 04:14:01,Tokyo,22
2025-09-29 08:56:32,Tokyo,25
2025-09-29 12:10:26,Tokyo,28
2025-09-29 16:09:27,Tokyo,31
2025-09-29 20:12:02,Tokyo,25
2025-09-29 23:15:39,Tokyo,24
2025-09-29 04:13:29,Sydney,11
2025-09-29 08:42:26,Sydney,14
2025-09-29 12:04:56,Sydney,19
2025-09-29 16:55:17,Sydney,20
2025-09-29 20:10:05,Sydney,16
2025-09-29 23:06:20,Sydney,12
2025-09-29 04:03:56,Rio de Janeiro,17
2025-09-29 08:49:56,Rio de Janeiro,21
2025-09-29 12:38:08,Rio de Janeiro,25
2025-09-29 16:06:09,Rio de Janeiro,26
2025-09-29 20:55:33,Rio de Janeiro,23
2025-09-29 23:25:42,Rio de Janeiro,20
2025-09-29 04:29:41,Cairo,25
2025-09-29 08:18:07,Cairo,26
2025-09-29 12:11:34,Cairo,32
2025-09-29 16:25:40,Cairo,33
2025-09-29 20:25:17,Cairo,30
2025-09-29 23:34:57,Cairo,27
2025-09-30 04:13:36,New York,15
2025-09-30 08:32:44,New York,18
2025-09-30 12:32:45,New York,24
2025-09-30 16:04:29,New York,24
2025-09-30 20:01:51,New York,22
2025-09-30 23:17:54,New York,19
2025-09-30 04:21:13,London,9
2025-09-30 08:09:15,London,14
2025-09-30 12:45:04,London,16
2025-09-30 16:24:34,London,19
2025-09-30 20:36:40,London,14
2025-09-30 23:00:09,London,11
2025-09-30 04:27:06,Tokyo,22
2025-09-30 08:52:24,Tokyo,25
2025-09-30 12:39:00,Tokyo,29
2025-09-30 16:33:53,Tokyo,31
2025-09-30 20:25:02,Tokyo,27
2025-09-30 23:13:22,Tokyo,22
2025-09-30 04:18:34,Sydney,12
2025-09-30 08:56:28,Sydney,13
2025-09-30 12:41:36,Sydney,18
2025-09-30 16:05:35,Sydney,20
2025-09-30 20:02:13,Sydney,16
2025-09-30 23:04:31,Sydney,14
2025-09-30 04:04:02,Rio de Janeiro,19
2025-09-30 08:38:16,Rio de Janeiro,22
2025-09-30 12:18:52,Rio de Janeiro,25
2025-09-30 16:26:03,Rio de Janeiro,27
2025-09-30 20:08:27,Rio de Janeiro,22
2025-09-30 23:20:55,Rio de Janeiro,21
2025-09-30 04:53:07,Cairo,24
2025-09-30 08:50:10,Cairo,26
2025-09-30 12:57:06,Cairo,30
2025-09-30 16:34:35,Cairo,34
2025-09-30 20:26:17,Cairo,30
2025-09-30 23:50:52,Cairo,25
